{
  "x": 205,
  "y": 8673.3837890625,
  "width": 296.66668701171875,
  "height": 445.9166870117187
}