{
  "x": 967.88330078125,
  "y": 4605,
  "width": 266.6000061035156,
  "height": 51
}