{
  "x": 1013.2333374023438,
  "y": 32,
  "width": 85.0333251953125,
  "height": 24
}