{
  "x": 659.4000244140625,
  "y": 5025.63330078125,
  "width": 40,
  "height": 51
}