{
  "x": 205,
  "y": 9186.6337890625,
  "width": 183.36666870117188,
  "height": 56
}