{
  "height": 61,
  "width": 920,
  "x": 216.40000915527344,
  "y": 5271.2251953128725
}