{
  "x": 205,
  "y": 5149.63330078125,
  "width": 232.63333129882812,
  "height": 51
}