{
  "height": 47,
  "width": 232,
  "x": 216.40000915527344,
  "y": 4551.86279296875
}