{
  "x": 967.88330078125,
  "y": 5025.63330078125,
  "width": 266.6000061035156,
  "height": 51
}