{
  "height": 61,
  "width": 920,
  "x": 216.40000915527344,
  "y": 4632.52490234375
}