{
  "height": 20,
  "width": 18,
  "x": 1757.5999755859375,
  "y": 4331.86279296875
}