{
  "height": 587,
  "width": 784,
  "x": 1032.4000244140625,
  "y": 5404.312683105469
}