{
  "height": 24,
  "width": 648,
  "x": 216.40000915527344,
  "y": 5613.7626953125
}