{
  "height": 40,
  "width": 40,
  "x": 1968.800048828125,
  "y": 901.6000366210938
}