{
  "height": 85,
  "width": 648,
  "x": 216.40000915527344,
  "y": 4418.77490234375
}