{
  "height": 45,
  "width": 183,
  "x": 1032.4000244140625,
  "y": 8911.4130859375
}