{
  "height": 16,
  "width": 16,
  "x": 840.3624877929688,
  "y": 759.2000122070312
}