{
  "height": 47,
  "width": 232,
  "x": 216.40000915527344,
  "y": 4012.012451171875
}